{
  "timestamp": "2025-12-24T00:56:55.677886",
  "num_images": 2,
  "cpu_cores": 12,
  "sequential_time": 16.67405605316162,
  "results": {
    "Pixel-Level": {
      "Multiprocessing": {
        "1": {
          "time": 16.816455841064453,
          "speedup": 0.9915321165619748,
          "efficiency": 0.9915321165619748
        },
        "2": {
          "time": 9.434480905532837,
          "speedup": 1.7673527796726098,
          "efficiency": 0.8836763898363049
        },
        "4": {
          "time": 5.753868818283081,
          "speedup": 2.8978860276027385,
          "efficiency": 0.7244715069006846
        },
        "8": {
          "time": 3.8670029640197754,
          "speedup": 4.311880856648951,
          "efficiency": 0.5389851070811189
        }
      },
      "Concurrent.Futures": {
        "1": {
          "time": 17.143179893493652,
          "speedup": 0.9726349578522432,
          "efficiency": 0.9726349578522432
        },
        "2": {
          "time": 9.522292375564575,
          "speedup": 1.7510548296069326,
          "efficiency": 0.8755274148034663
        },
        "4": {
          "time": 5.761630535125732,
          "speedup": 2.8939821724958548,
          "efficiency": 0.7234955431239637
        },
        "8": {
          "time": 4.055293321609497,
          "speedup": 4.11167694438041,
          "efficiency": 0.5139596180475513
        }
      }
    },
    "Image-Level": {
      "Multiprocessing": {
        "1": {
          "time": 16.894880771636963,
          "speedup": 0.9869294893843784,
          "efficiency": 0.9869294893843784
        },
        "2": {
          "time": 9.809905767440796,
          "speedup": 1.6997162305577929,
          "efficiency": 0.8498581152788964
        },
        "4": {
          "time": 9.7194983959198,
          "speedup": 1.715526395905504,
          "efficiency": 0.428881598976376
        },
        "8": {
          "time": 9.954474449157715,
          "speedup": 1.6750312774746712,
          "efficiency": 0.2093789096843339
        }
      },
      "Concurrent.Futures": {
        "1": {
          "time": 16.89372444152832,
          "speedup": 0.9869970420597894,
          "efficiency": 0.9869970420597894
        },
        "2": {
          "time": 9.48222804069519,
          "speedup": 1.7584533910807698,
          "efficiency": 0.8792266955403849
        },
        "4": {
          "time": 9.8515784740448,
          "speedup": 1.6925263395192436,
          "efficiency": 0.4231315848798109
        },
        "8": {
          "time": 9.680640459060669,
          "speedup": 1.7224124915780146,
          "efficiency": 0.21530156144725182
        }
      }
    }
  }
}