{
  "timestamp": "2025-12-24T03:21:18.341904",
  "num_images": 50,
  "cpu_cores": 16,
  "sequential_time": 326.25076174736023,
  "results": {
    "Pixel-Level": {
      "Multiprocessing": {
        "1": {
          "time": 326.88975620269775,
          "speedup": 0.9980452294903323,
          "efficiency": 0.9980452294903323
        },
        "2": {
          "time": 170.53572177886963,
          "speedup": 1.9130933879671455,
          "efficiency": 0.9565466939835727
        },
        "4": {
          "time": 86.02906131744385,
          "speedup": 3.7923319951557737,
          "efficiency": 0.9480829987889434
        },
        "8": {
          "time": 48.90696907043457,
          "speedup": 6.670844011566167,
          "efficiency": 0.8338555014457709
        },
        "16": {
          "time": 41.9883816242218,
          "speedup": 7.770024686046871,
          "efficiency": 0.48562654287792945
        }
      },
      "Concurrent.Futures": {
        "1": {
          "time": 323.8806104660034,
          "speedup": 1.007317978306718,
          "efficiency": 1.007317978306718
        },
        "2": {
          "time": 171.04545760154724,
          "speedup": 1.9073921419612667,
          "efficiency": 0.9536960709806334
        },
        "4": {
          "time": 82.95502042770386,
          "speedup": 3.9328633766257832,
          "efficiency": 0.9832158441564458
        },
        "8": {
          "time": 50.657437801361084,
          "speedup": 6.440332869314492,
          "efficiency": 0.8050416086643115
        },
        "16": {
          "time": 45.42727041244507,
          "speedup": 7.181826219917054,
          "efficiency": 0.4488641387448159
        }
      }
    },
    "Image-Level": {
      "Multiprocessing": {
        "1": {
          "time": 323.92397594451904,
          "speedup": 1.0071831231265194,
          "efficiency": 1.0071831231265194
        },
        "2": {
          "time": 181.53519129753113,
          "speedup": 1.7971764009802613,
          "efficiency": 0.8985882004901307
        },
        "4": {
          "time": 89.11944580078125,
          "speedup": 3.6608257470167103,
          "efficiency": 0.9152064367541776
        },
        "8": {
          "time": 52.50633096694946,
          "speedup": 6.213550932605088,
          "efficiency": 0.776693866575636
        },
        "16": {
          "time": 44.64216661453247,
          "speedup": 7.308130104087624,
          "efficiency": 0.4567581315054765
        }
      },
      "Concurrent.Futures": {
        "1": {
          "time": 328.85333585739136,
          "speedup": 0.9920859123923872,
          "efficiency": 0.9920859123923872
        },
        "2": {
          "time": 161.76801943778992,
          "speedup": 2.016781579456899,
          "efficiency": 1.0083907897284494
        },
        "4": {
          "time": 84.71026873588562,
          "speedup": 3.85137205460371,
          "efficiency": 0.9628430136509275
        },
        "8": {
          "time": 45.50219750404358,
          "speedup": 7.170000124024071,
          "efficiency": 0.8962500155030089
        },
        "16": {
          "time": 46.03874373435974,
          "speedup": 7.0864392744902815,
          "efficiency": 0.4429024546556426
        }
      }
    }
  }
}