{
  "cpu": 16,
  "seq_time": 322.4142017364502,
  "results": {
    "Pixel-Level": {
      "Multiprocessing": {
        "1": {
          "time": 325.85782623291016,
          "speedup": 0.989432125856021,
          "efficiency": 0.989432125856021
        },
        "2": {
          "time": 163.28834462165833,
          "speedup": 1.9745083611661873,
          "efficiency": 0.9872541805830937
        },
        "4": {
          "time": 82.88645601272583,
          "speedup": 3.8898297411455123,
          "efficiency": 0.9724574352863781
        },
        "8": {
          "time": 48.11796259880066,
          "speedup": 6.700495705204409,
          "efficiency": 0.8375619631505511
        },
        "16": {
          "time": 42.533984661102295,
          "speedup": 7.580155123140881,
          "efficiency": 0.47375969519630506
        }
      },
      "Concurrent.Futures": {
        "1": {
          "time": 325.14298391342163,
          "speedup": 0.9916074394590103,
          "efficiency": 0.9916074394590103
        },
        "2": {
          "time": 162.58555817604065,
          "speedup": 1.9830432994999099,
          "efficiency": 0.9915216497499549
        },
        "4": {
          "time": 82.96382546424866,
          "speedup": 3.8862022083996974,
          "efficiency": 0.9715505520999244
        },
        "8": {
          "time": 48.96303725242615,
          "speedup": 6.584848894774688,
          "efficiency": 0.823106111846836
        },
        "16": {
          "time": 40.961410999298096,
          "speedup": 7.8711693242690055,
          "efficiency": 0.49194808276681284
        }
      }
    },
    "Image-Level": {
      "Multiprocessing": {
        "1": {
          "time": 324.4278824329376,
          "speedup": 0.9937931330643146,
          "efficiency": 0.9937931330643146
        },
        "2": {
          "time": 179.3358657360077,
          "speedup": 1.7978233211367867,
          "efficiency": 0.8989116605683933
        },
        "4": {
          "time": 90.13821744918823,
          "speedup": 3.576886817383516,
          "efficiency": 0.894221704345879
        },
        "8": {
          "time": 51.90801763534546,
          "speedup": 6.211260156406173,
          "efficiency": 0.7764075195507716
        },
        "16": {
          "time": 42.58948278427124,
          "speedup": 7.570277464264517,
          "efficiency": 0.47314234151653234
        }
      },
      "Concurrent.Futures": {
        "1": {
          "time": 324.608674287796,
          "speedup": 0.9932396367528977,
          "efficiency": 0.9932396367528977
        },
        "2": {
          "time": 162.81245636940002,
          "speedup": 1.9802796968122318,
          "efficiency": 0.9901398484061159
        },
        "4": {
          "time": 84.87689876556396,
          "speedup": 3.798609591368096,
          "efficiency": 0.949652397842024
        },
        "8": {
          "time": 45.1008198261261,
          "speedup": 7.148743703095202,
          "efficiency": 0.8935929628869003
        },
        "16": {
          "time": 42.60730838775635,
          "speedup": 7.567110290146825,
          "efficiency": 0.4729443931341766
        }
      }
    },
    "Task-Level": {
      "Multiprocessing": {
        "1": {
          "time": 325.35945653915405,
          "speedup": 0.9909476895676169,
          "efficiency": 0.9909476895676169
        },
        "2": {
          "time": 162.4957640171051,
          "speedup": 1.9841391170203753,
          "efficiency": 0.9920695585101876
        },
        "4": {
          "time": 83.0793788433075,
          "speedup": 3.8807969706242265,
          "efficiency": 0.9701992426560566
        },
        "8": {
          "time": 42.82363986968994,
          "speedup": 7.528883642715553,
          "efficiency": 0.9411104553394442
        },
        "16": {
          "time": 39.60610318183899,
          "speedup": 8.140518148331498,
          "efficiency": 0.5087823842707186
        }
      },
      "Concurrent.Futures": {
        "1": {
          "time": 322.5590922832489,
          "speedup": 0.9995508092927312,
          "efficiency": 0.9995508092927312
        },
        "2": {
          "time": 162.5674319267273,
          "speedup": 1.9832644085918103,
          "efficiency": 0.9916322042959052
        },
        "4": {
          "time": 82.47173810005188,
          "speedup": 3.909390164001495,
          "efficiency": 0.9773475410003738
        },
        "8": {
          "time": 42.5081045627594,
          "speedup": 7.584770129198176,
          "efficiency": 0.948096266149772
        },
        "16": {
          "time": 39.63669514656067,
          "speedup": 8.134235221788579,
          "efficiency": 0.5083897013617862
        }
      }
    }
  }
}