{
  "cpu": 12,
  "seq_time": 7.720737934112549,
  "results": {
    "Pixel-Level": {
      "Multiprocessing": {
        "1": {
          "time": 7.42785120010376,
          "speedup": 1.0394308833225816,
          "efficiency": 1.0394308833225816
        },
        "2": {
          "time": 4.21134352684021,
          "speedup": 1.833319434737601,
          "efficiency": 0.9166597173688005
        },
        "4": {
          "time": 2.673093795776367,
          "speedup": 2.888315384335459,
          "efficiency": 0.7220788460838647
        },
        "8": {
          "time": 2.3502252101898193,
          "speedup": 3.285105572282144,
          "efficiency": 0.410638196535268
        }
      },
      "Concurrent.Futures": {
        "1": {
          "time": 6.9589526653289795,
          "speedup": 1.109468379139716,
          "efficiency": 1.109468379139716
        },
        "2": {
          "time": 4.525078773498535,
          "speedup": 1.7062107248451965,
          "efficiency": 0.8531053624225983
        },
        "4": {
          "time": 2.8599798679351807,
          "speedup": 2.6995777210441307,
          "efficiency": 0.6748944302610327
        },
        "8": {
          "time": 2.234254837036133,
          "speedup": 3.4556209999547547,
          "efficiency": 0.43195262499434434
        }
      }
    },
    "Image-Level": {
      "Multiprocessing": {
        "1": {
          "time": 6.777054309844971,
          "speedup": 1.1392468735120946,
          "efficiency": 1.1392468735120946
        },
        "2": {
          "time": 7.32383394241333,
          "speedup": 1.054193472274227,
          "efficiency": 0.5270967361371135
        },
        "4": {
          "time": 6.844658136367798,
          "speedup": 1.1279946755981671,
          "efficiency": 0.2819986688995418
        },
        "8": {
          "time": 7.189554214477539,
          "speedup": 1.0738827059076028,
          "efficiency": 0.13423533823845035
        }
      },
      "Concurrent.Futures": {
        "1": {
          "time": 7.093634128570557,
          "speedup": 1.0884037425917201,
          "efficiency": 1.0884037425917201
        },
        "2": {
          "time": 6.851880788803101,
          "speedup": 1.1268056424345967,
          "efficiency": 0.5634028212172983
        },
        "4": {
          "time": 6.910561800003052,
          "speedup": 1.1172373762881536,
          "efficiency": 0.2793093440720384
        },
        "8": {
          "time": 7.147466659545898,
          "speedup": 1.0802062187727746,
          "efficiency": 0.13502577734659682
        }
      }
    },
    "Task-Level": {
      "Multiprocessing": {
        "1": {
          "time": 7.005597114562988,
          "speedup": 1.1020813512188634,
          "efficiency": 1.1020813512188634
        },
        "2": {
          "time": 7.099702835083008,
          "speedup": 1.0874733933877783,
          "efficiency": 0.5437366966938891
        },
        "4": {
          "time": 7.371081352233887,
          "speedup": 1.0474362668338608,
          "efficiency": 0.2618590667084652
        },
        "8": {
          "time": 7.369406461715698,
          "speedup": 1.0476743241429318,
          "efficiency": 0.13095929051786648
        }
      },
      "Concurrent.Futures": {
        "1": {
          "time": 7.457388401031494,
          "speedup": 1.035313908692838,
          "efficiency": 1.035313908692838
        },
        "2": {
          "time": 7.1116955280303955,
          "speedup": 1.085639550186259,
          "efficiency": 0.5428197750931295
        },
        "4": {
          "time": 7.0205237865448,
          "speedup": 1.0997381632563863,
          "efficiency": 0.2749345408140966
        },
        "8": {
          "time": 6.98538613319397,
          "speedup": 1.1052700290144661,
          "efficiency": 0.13815875362680827
        }
      }
    }
  }
}