{
  "timestamp": "2025-12-30T22:39:20.209217",
  "num_images": 1,
  "cpu_cores": 12,
  "sequential_time": 7.953632116317749,
  "results": {
    "Pixel-Level": {
      "Multiprocessing": {
        "1": {
          "time": 8.622860431671143,
          "speedup": 0.922389058635883,
          "efficiency": 0.922389058635883
        },
        "2": {
          "time": 4.990057468414307,
          "speedup": 1.5938958953202556,
          "efficiency": 0.7969479476601278
        },
        "4": {
          "time": 3.421811103820801,
          "speedup": 2.3243925146647366,
          "efficiency": 0.5810981286661842
        },
        "8": {
          "time": 2.3889338970184326,
          "speedup": 3.329364670259179,
          "efficiency": 0.41617058378239735
        }
      },
      "Concurrent.Futures": {
        "1": {
          "time": 8.6399085521698,
          "speedup": 0.920569016245004,
          "efficiency": 0.920569016245004
        },
        "2": {
          "time": 5.059480667114258,
          "speedup": 1.57202539936855,
          "efficiency": 0.786012699684275
        },
        "4": {
          "time": 3.4358835220336914,
          "speedup": 2.314872452838568,
          "efficiency": 0.578718113209642
        },
        "8": {
          "time": 2.459557294845581,
          "speedup": 3.233765740276078,
          "efficiency": 0.4042207175345098
        }
      }
    },
    "Image-Level": {
      "Multiprocessing": {
        "1": {
          "time": 8.290743350982666,
          "speedup": 0.9593388408742672,
          "efficiency": 0.9593388408742672
        },
        "2": {
          "time": 8.386900424957275,
          "speedup": 0.9483398768691434,
          "efficiency": 0.4741699384345717
        },
        "4": {
          "time": 8.84033489227295,
          "speedup": 0.8996980559265647,
          "efficiency": 0.22492451398164118
        },
        "8": {
          "time": 8.82166337966919,
          "speedup": 0.9016023139862778,
          "efficiency": 0.11270028924828472
        }
      },
      "Concurrent.Futures": {
        "1": {
          "time": 8.565463066101074,
          "speedup": 0.9285700089928909,
          "efficiency": 0.9285700089928909
        },
        "2": {
          "time": 8.610237121582031,
          "speedup": 0.9237413562492413,
          "efficiency": 0.4618706781246206
        },
        "4": {
          "time": 8.483704090118408,
          "speedup": 0.9375188045021428,
          "efficiency": 0.2343797011255357
        },
        "8": {
          "time": 8.507213592529297,
          "speedup": 0.9349279913816103,
          "efficiency": 0.11686599892270129
        }
      }
    }
  }
}