{
  "cpu": 12,
  "seq_time": 7.75429892539978,
  "results": {
    "Pixel-Level": {
      "Multiprocessing": {
        "1": {
          "time": 8.186166763305664,
          "speedup": 0.9472441925026835,
          "efficiency": 0.9472441925026835
        },
        "2": {
          "time": 5.202975511550903,
          "speedup": 1.4903585281508231,
          "efficiency": 0.7451792640754116
        },
        "4": {
          "time": 3.267091751098633,
          "speedup": 2.3734561243320527,
          "efficiency": 0.5933640310830132
        },
        "8": {
          "time": 2.299248456954956,
          "speedup": 3.372536318092957,
          "efficiency": 0.42156703976161963
        }
      },
      "Concurrent.Futures": {
        "1": {
          "time": 8.164378643035889,
          "speedup": 0.9497720848620977,
          "efficiency": 0.9497720848620977
        },
        "2": {
          "time": 5.413653612136841,
          "speedup": 1.4323596374942533,
          "efficiency": 0.7161798187471267
        },
        "4": {
          "time": 3.5006871223449707,
          "speedup": 2.2150791128701286,
          "efficiency": 0.5537697782175321
        },
        "8": {
          "time": 2.3982224464416504,
          "speedup": 3.2333526595521525,
          "efficiency": 0.40416908244401906
        }
      }
    },
    "Image-Level": {
      "Multiprocessing": {
        "1": {
          "time": 8.135655403137207,
          "speedup": 0.9531252912223431,
          "efficiency": 0.9531252912223431
        },
        "2": {
          "time": 8.31561803817749,
          "speedup": 0.9324982087680481,
          "efficiency": 0.46624910438402406
        },
        "4": {
          "time": 8.231086492538452,
          "speedup": 0.9420747713475148,
          "efficiency": 0.2355186928368787
        },
        "8": {
          "time": 8.7422513961792,
          "speedup": 0.8869910706055418,
          "efficiency": 0.11087388382569273
        }
      },
      "Concurrent.Futures": {
        "1": {
          "time": 8.078694343566895,
          "speedup": 0.9598455636057784,
          "efficiency": 0.9598455636057784
        },
        "2": {
          "time": 8.161196947097778,
          "speedup": 0.9501423597132164,
          "efficiency": 0.4750711798566082
        },
        "4": {
          "time": 8.230100393295288,
          "speedup": 0.9421876471539614,
          "efficiency": 0.23554691178849035
        },
        "8": {
          "time": 8.26973295211792,
          "speedup": 0.9376722283896562,
          "efficiency": 0.11720902854870703
        }
      }
    },
    "Task-Level": {
      "Multiprocessing": {
        "1": {
          "time": 8.230014085769653,
          "speedup": 0.9421975278034551,
          "efficiency": 0.9421975278034551
        },
        "2": {
          "time": 8.219453573226929,
          "speedup": 0.9434080813665902,
          "efficiency": 0.4717040406832951
        },
        "4": {
          "time": 8.45727014541626,
          "speedup": 0.9168796540811125,
          "efficiency": 0.22921991352027812
        },
        "8": {
          "time": 8.604615688323975,
          "speedup": 0.9011789958175551,
          "efficiency": 0.11264737447719439
        }
      },
      "Concurrent.Futures": {
        "1": {
          "time": 8.14024829864502,
          "speedup": 0.952587518330432,
          "efficiency": 0.952587518330432
        },
        "2": {
          "time": 8.135435819625854,
          "speedup": 0.9531510170227607,
          "efficiency": 0.47657550851138036
        },
        "4": {
          "time": 8.30929684638977,
          "speedup": 0.9332075949084517,
          "efficiency": 0.23330189872711293
        },
        "8": {
          "time": 8.612995386123657,
          "speedup": 0.9003022267831099,
          "efficiency": 0.11253777834788874
        }
      }
    }
  }
}